<?xml version="1.0" encoding="UTF-8"?>
<metadata xml:lang="es"><Esri><CreaDate>20191016</CreaDate><CreaTime>10562200</CreaTime><SyncOnce>FALSE</SyncOnce><DataProperties><lineage><Process Name="Create Feature Class" ToolSource="C:\Archivos de programa\ArcGIS\ArcToolbox\Toolboxes\Data Management Tools.tbx\CreateFeatureclass" Date="20061031" Time="111637">CreateFeatureclass "Database Connections\conexion cosmos.sde" toponimchile # biblio_Layer SAME_AS_TEMPLATE SAME_AS_TEMPLATE "PROJCS['PSAD_1956_UTM_Zone_19S',GEOGCS['GCS_Provisional_S_American_1956',DATUM['D_Provisional_S_American_1956',SPHEROID['International_1924',6378388.0,297.0]],PRIMEM['Greenwich',0.0],UNIT['Degree',0.0174532925199433]],PROJECTION['Transverse_Mercator'],PARAMETER['False_Easting',500000.0],PARAMETER['False_Northing',10000000.0],PARAMETER['Central_Meridian',-69.0],PARAMETER['Scale_Factor',0.9996],PARAMETER['Latitude_Of_Origin',0.0],UNIT['Meter',1.0]];-10297539,6379543 -2897685,30653625 122,070312386313;0 1;0 1" # 0 0 0 "Database Connections\conexion cosmos.sde\sde.BIBLIO.toponimchile"</Process><Process Name="Append" ToolSource="C:\Archivos de programa\ArcGIS\ArcToolbox\Toolboxes\Data Management Tools.tbx\Append" Date="20061031" Time="111720">Append biblio_Layer "Database Connections\conexion cosmos.sde\sde.BIBLIO.toponimchile" TEST "Database Connections\conexion cosmos.sde\sde.BIBLIO.toponimchile"</Process><Process Name="FeatureClassToFeatureClass_1" ToolSource="C:\Archivos de programa\ArcGIS\ArcToolbox\Toolboxes\Conversion Tools.tbx\FeatureClassToFeatureClass" Date="20061031" Time="111721">FeatureClassToFeatureClass "Database Connections\conexion virtual cosmos2.sde\sde.biblio.toponimchile" "Database Connections\conexion cosmos.sde" toponimchile # "LONG3 LONG3 VISIBLE;FC FC VISIBLE;DSG DSG VISIBLE;PC PC VISIBLE;CC1 CC1 VISIBLE;ADM1 ADM1 VISIBLE;NT NT VISIBLE;GENERIC GENERIC VISIBLE;SORT_NAME SORT_NAME VISIBLE;FULL_NAME_ FULL_NAME_ VISIBLE;MODIFY_DAT MODIFY_DAT VISIBLE;DESCRIP DESCRIP VISIBLE;COD_COMUNA COD_COMUNA VISIBLE;COD_INE COD_INE VISIBLE;COD_REGI COD_REGI VISIBLE;NOM_REGION NOM_REGION VISIBLE;COD_PROV COD_PROV VISIBLE;NOM_PROVI NOM_PROVI VISIBLE;CIR_SENA CIR_SENA VISIBLE;DIS_ELEC DIS_ELEC VISIBLE;TIPO_TOPON TIPO_TOPON VISIBLE" SAME_AS_TEMPLATE SAME_AS_TEMPLATE # 0 "Database Connections\conexion cosmos.sde\sde.BIBLIO.toponimchile"</Process><Process ToolSource="C:\Archivos de programa\ArcGIS\ArcToolbox\Toolboxes\Conversion Tools.tbx\FeatureClassToFeatureClass" Date="20091210" Time="145448">FeatureClassToFeatureClass "Database Connections\cosmos explota.sde\GEOSDE.aplicac2009\GEOSDE.toponimchile" C:\TEMP toponimchile.shp # "LONG3 'Longitud' true true false 8 Double 8 38 ,First,#,Database Connections\cosmos explota.sde\GEOSDE.aplicac2009\GEOSDE.toponimchile,LONG3,-1,-1;FC 'FC' true true false 3 Text 0 0 ,First,#,Database Connections\cosmos explota.sde\GEOSDE.aplicac2009\GEOSDE.toponimchile,FC,-1,-1;DSG 'DSG' true true false 7 Text 0 0 ,First,#,Database Connections\cosmos explota.sde\GEOSDE.aplicac2009\GEOSDE.toponimchile,DSG,-1,-1;PC 'PC' true true false 3 Text 0 0 ,First,#,Database Connections\cosmos explota.sde\GEOSDE.aplicac2009\GEOSDE.toponimchile,PC,-1,-1;CC1 'CC1' true true false 4 Text 0 0 ,First,#,Database Connections\cosmos explota.sde\GEOSDE.aplicac2009\GEOSDE.toponimchile,CC1,-1,-1;ADM1 'ADM1' true true false 4 Long 0 10 ,First,#,Database Connections\cosmos explota.sde\GEOSDE.aplicac2009\GEOSDE.toponimchile,ADM1,-1,-1;NT 'NT' true true false 3 Text 0 0 ,First,#,Database Connections\cosmos explota.sde\GEOSDE.aplicac2009\GEOSDE.toponimchile,NT,-1,-1;GENERIC 'GENERIC' true true false 13 Text 0 0 ,First,#,Database Connections\cosmos explota.sde\GEOSDE.aplicac2009\GEOSDE.toponimchile,GENERIC,-1,-1;SORT_NAME 'Orden' true true false 57 Text 0 0 ,First,#,Database Connections\cosmos explota.sde\GEOSDE.aplicac2009\GEOSDE.toponimchile,SORT_NAME,-1,-1;FULL_NAME_ 'Nombre completo' true true false 46 Text 0 0 ,First,#,Database Connections\cosmos explota.sde\GEOSDE.aplicac2009\GEOSDE.toponimchile,FULL_NAME_,-1,-1;MODIFY_DAT 'MODIFY_DAT' true true false 36 Date 0 0 ,First,#,Database Connections\cosmos explota.sde\GEOSDE.aplicac2009\GEOSDE.toponimchile,MODIFY_DAT,-1,-1;DESCRIP 'DESCRIP' true true false 50 Text 0 0 ,First,#,Database Connections\cosmos explota.sde\GEOSDE.aplicac2009\GEOSDE.toponimchile,DESCRIP,-1,-1;COD_COMUNA 'COD_COMUNA' true true false 8 Double 8 38 ,First,#,Database Connections\cosmos explota.sde\GEOSDE.aplicac2009\GEOSDE.toponimchile,COD_COMUNA,-1,-1;COD_INE 'COD_INE' true true false 8 Double 8 38 ,First,#,Database Connections\cosmos explota.sde\GEOSDE.aplicac2009\GEOSDE.toponimchile,COD_INE,-1,-1;COD_REGI 'COD_REGI' true true false 8 Double 8 38 ,First,#,Database Connections\cosmos explota.sde\GEOSDE.aplicac2009\GEOSDE.toponimchile,COD_REGI,-1,-1;NOM_REGION 'NOM_REGION' true true false 50 Text 0 0 ,First,#,Database Connections\cosmos explota.sde\GEOSDE.aplicac2009\GEOSDE.toponimchile,NOM_REGION,-1,-1;COD_PROV 'COD_PROV' true true false 8 Double 8 38 ,First,#,Database Connections\cosmos explota.sde\GEOSDE.aplicac2009\GEOSDE.toponimchile,COD_PROV,-1,-1;NOM_PROVI 'NOM_PROVI' true true false 50 Text 0 0 ,First,#,Database Connections\cosmos explota.sde\GEOSDE.aplicac2009\GEOSDE.toponimchile,NOM_PROVI,-1,-1;CIR_SENA 'CIR_SENA' true true false 8 Double 8 38 ,First,#,Database Connections\cosmos explota.sde\GEOSDE.aplicac2009\GEOSDE.toponimchile,CIR_SENA,-1,-1;DIS_ELEC 'DIS_ELEC' true true false 8 Double 8 38 ,First,#,Database Connections\cosmos explota.sde\GEOSDE.aplicac2009\GEOSDE.toponimchile,DIS_ELEC,-1,-1;TIPO_TOPON 'TIPO_TOPON' true true false 36 Text 0 0 ,First,#,Database Connections\cosmos explota.sde\GEOSDE.aplicac2009\GEOSDE.toponimchile,TIPO_TOPON,-1,-1;COD_ID 'COD_ID' true true false 8 Double 8 38 ,First,#,Database Connections\cosmos explota.sde\GEOSDE.aplicac2009\GEOSDE.toponimchile,COD_ID,-1,-1" # C:\TEMP\toponimchile.shp</Process><Process ToolSource="C:\Archivos de programa\ArcGIS\ArcToolbox\Toolboxes\Conversion Tools.tbx\FeatureClassToFeatureClass" Date="20091210" Time="150151">FeatureClassToFeatureClass C:\TEMP\toponimchile.shp "Database Connections\cosmos explota.sde\GEOSDE.aplicac2009" toponimchile # "LONG3 'LONG3' true true false 19 Double 8 18 ,First,#,C:\TEMP\toponimchile.shp,LONG3,-1,-1;FC 'FC' true true false 3 Text 0 0 ,First,#,C:\TEMP\toponimchile.shp,FC,-1,-1;DSG 'DSG' true true false 7 Text 0 0 ,First,#,C:\TEMP\toponimchile.shp,DSG,-1,-1;PC 'PC' true true false 3 Text 0 0 ,First,#,C:\TEMP\toponimchile.shp,PC,-1,-1;CC1 'CC1' true true false 4 Text 0 0 ,First,#,C:\TEMP\toponimchile.shp,CC1,-1,-1;ADM1 'ADM1' true true false 10 Double 0 10 ,First,#,C:\TEMP\toponimchile.shp,ADM1,-1,-1;NT 'NT' true true false 3 Text 0 0 ,First,#,C:\TEMP\toponimchile.shp,NT,-1,-1;GENERIC 'GENERIC' true true false 13 Text 0 0 ,First,#,C:\TEMP\toponimchile.shp,GENERIC,-1,-1;SORT_NAME 'SORT_NAME' true true false 57 Text 0 0 ,First,#,C:\TEMP\toponimchile.shp,SORT_NAME,-1,-1;FULL_NAME_ 'FULL_NAME_' true true false 46 Text 0 0 ,First,#,C:\TEMP\toponimchile.shp,FULL_NAME_,-1,-1;MODIFY_DAT 'MODIFY_DAT' true true false 8 Date 0 0 ,First,#,C:\TEMP\toponimchile.shp,MODIFY_DAT,-1,-1;DESCRIP 'DESCRIP' true true false 50 Text 0 0 ,First,#,C:\TEMP\toponimchile.shp,DESCRIP,-1,-1;COD_COMUNA 'COD_COMUNA' true true false 19 Double 8 18 ,First,#,C:\TEMP\toponimchile.shp,COD_COMUNA,-1,-1;COD_INE 'COD_INE' true true false 19 Double 8 18 ,First,#,C:\TEMP\toponimchile.shp,COD_INE,-1,-1;COD_REGI 'COD_REGI' true true false 19 Double 8 18 ,First,#,C:\TEMP\toponimchile.shp,COD_REGI,-1,-1;NOM_REGION 'NOM_REGION' true true false 50 Text 0 0 ,First,#,C:\TEMP\toponimchile.shp,NOM_REGION,-1,-1;COD_PROV 'COD_PROV' true true false 19 Double 8 18 ,First,#,C:\TEMP\toponimchile.shp,COD_PROV,-1,-1;NOM_PROVI 'NOM_PROVI' true true false 50 Text 0 0 ,First,#,C:\TEMP\toponimchile.shp,NOM_PROVI,-1,-1;CIR_SENA 'CIR_SENA' true true false 19 Double 8 18 ,First,#,C:\TEMP\toponimchile.shp,CIR_SENA,-1,-1;DIS_ELEC 'DIS_ELEC' true true false 19 Double 8 18 ,First,#,C:\TEMP\toponimchile.shp,DIS_ELEC,-1,-1;TIPO_TOPON 'TIPO_TOPON' true true false 36 Text 0 0 ,First,#,C:\TEMP\toponimchile.shp,TIPO_TOPON,-1,-1;COD_ID 'COD_ID' true true false 19 Double 8 18 ,First,#,C:\TEMP\toponimchile.shp,COD_ID,-1,-1" # "Database Connections\cosmos explota.sde\GEOSDE.aplicac2009\GEOSDE.toponimchile"</Process><Process ToolSource="C:\Archivos de programa\ArcGIS\ArcToolbox\Toolboxes\Conversion Tools.tbx\FeatureClassToFeatureClass" Date="20100527" Time="114456">FeatureClassToFeatureClass "Database Connections\cosmos explota.sde\GEOSDE.aplicac2009\GEOSDE.toponimchile" "Database Connections\Cosmos 172.21.21.34.sde\sde.SDE.borrar" toponimochile # "LONG3 'LONG3' true true false 8 Double 8 19 ,First,#,Database Connections\cosmos explota.sde\GEOSDE.aplicac2009\GEOSDE.toponimchile,LONG3,-1,-1;FC 'FC' true true false 3 Text 0 0 ,First,#,Database Connections\cosmos explota.sde\GEOSDE.aplicac2009\GEOSDE.toponimchile,FC,-1,-1;DSG 'DSG' true true false 7 Text 0 0 ,First,#,Database Connections\cosmos explota.sde\GEOSDE.aplicac2009\GEOSDE.toponimchile,DSG,-1,-1;PC 'PC' true true false 3 Text 0 0 ,First,#,Database Connections\cosmos explota.sde\GEOSDE.aplicac2009\GEOSDE.toponimchile,PC,-1,-1;CC1 'CC1' true true false 4 Text 0 0 ,First,#,Database Connections\cosmos explota.sde\GEOSDE.aplicac2009\GEOSDE.toponimchile,CC1,-1,-1;ADM1 'ADM1' true true false 8 Double 0 10 ,First,#,Database Connections\cosmos explota.sde\GEOSDE.aplicac2009\GEOSDE.toponimchile,ADM1,-1,-1;NT 'NT' true true false 3 Text 0 0 ,First,#,Database Connections\cosmos explota.sde\GEOSDE.aplicac2009\GEOSDE.toponimchile,NT,-1,-1;GENERIC 'GENERIC' true true false 13 Text 0 0 ,First,#,Database Connections\cosmos explota.sde\GEOSDE.aplicac2009\GEOSDE.toponimchile,GENERIC,-1,-1;SORT_NAME 'SORT_NAME' true true false 57 Text 0 0 ,First,#,Database Connections\cosmos explota.sde\GEOSDE.aplicac2009\GEOSDE.toponimchile,SORT_NAME,-1,-1;FULL_NAME_ 'FULL_NAME_' true true false 46 Text 0 0 ,First,#,Database Connections\cosmos explota.sde\GEOSDE.aplicac2009\GEOSDE.toponimchile,FULL_NAME_,-1,-1;MODIFY_DAT 'MODIFY_DAT' true true false 36 Date 0 0 ,First,#,Database Connections\cosmos explota.sde\GEOSDE.aplicac2009\GEOSDE.toponimchile,MODIFY_DAT,-1,-1;DESCRIP 'DESCRIP' true true false 50 Text 0 0 ,First,#,Database Connections\cosmos explota.sde\GEOSDE.aplicac2009\GEOSDE.toponimchile,DESCRIP,-1,-1;COD_COMUNA 'COD_COMUNA' true true false 8 Double 8 19 ,First,#,Database Connections\cosmos explota.sde\GEOSDE.aplicac2009\GEOSDE.toponimchile,COD_COMUNA,-1,-1;COD_INE 'COD_INE' true true false 8 Double 8 19 ,First,#,Database Connections\cosmos explota.sde\GEOSDE.aplicac2009\GEOSDE.toponimchile,COD_INE,-1,-1;COD_REGI 'COD_REGI' true true false 8 Double 8 19 ,First,#,Database Connections\cosmos explota.sde\GEOSDE.aplicac2009\GEOSDE.toponimchile,COD_REGI,-1,-1;NOM_REGION 'NOM_REGION' true true false 50 Text 0 0 ,First,#,Database Connections\cosmos explota.sde\GEOSDE.aplicac2009\GEOSDE.toponimchile,NOM_REGION,-1,-1;COD_PROV 'COD_PROV' true true false 8 Double 8 19 ,First,#,Database Connections\cosmos explota.sde\GEOSDE.aplicac2009\GEOSDE.toponimchile,COD_PROV,-1,-1;NOM_PROVI 'NOM_PROVI' true true false 50 Text 0 0 ,First,#,Database Connections\cosmos explota.sde\GEOSDE.aplicac2009\GEOSDE.toponimchile,NOM_PROVI,-1,-1;CIR_SENA 'CIR_SENA' true true false 8 Double 8 19 ,First,#,Database Connections\cosmos explota.sde\GEOSDE.aplicac2009\GEOSDE.toponimchile,CIR_SENA,-1,-1;DIS_ELEC 'DIS_ELEC' true true false 8 Double 8 19 ,First,#,Database Connections\cosmos explota.sde\GEOSDE.aplicac2009\GEOSDE.toponimchile,DIS_ELEC,-1,-1;TIPO_TOPON 'TIPO_TOPON' true true false 36 Text 0 0 ,First,#,Database Connections\cosmos explota.sde\GEOSDE.aplicac2009\GEOSDE.toponimchile,TIPO_TOPON,-1,-1;COD_ID 'COD_ID' true true false 8 Double 8 19 ,First,#,Database Connections\cosmos explota.sde\GEOSDE.aplicac2009\GEOSDE.toponimchile,COD_ID,-1,-1;NIVELBCN 'NIVELBCN' true true false 2 Short 0 5 ,First,#,Database Connections\cosmos explota.sde\GEOSDE.aplicac2009\GEOSDE.toponimchile,NIVELBCN,-1,-1" # "Database Connections\Cosmos 172.21.21.34.sde\sde.SDE.borrar\sde.SDE.toponimochile"</Process><Process ToolSource="C:\Archivos de programa\ArcGIS\ArcToolbox\Toolboxes\Conversion Tools.tbx\FeatureClassToFeatureClass" Date="20100527" Time="114822">FeatureClassToFeatureClass "Database Connections\Cosmos 172.21.21.34.sde\sde.SDE.borrar\sde.SDE.toponimochile" "Database Connections\cosmos explota.sde\GEOSDE.aplicac2009" toponimchile # "LONG3 'LONG3' true true false 8 Double 8 19 ,First,#,Database Connections\Cosmos 172.21.21.34.sde\sde.SDE.borrar\sde.SDE.toponimochile,LONG3,-1,-1;FC 'FC' true true false 3 Text 0 0 ,First,#,Database Connections\Cosmos 172.21.21.34.sde\sde.SDE.borrar\sde.SDE.toponimochile,FC,-1,-1;DSG 'DSG' true true false 7 Text 0 0 ,First,#,Database Connections\Cosmos 172.21.21.34.sde\sde.SDE.borrar\sde.SDE.toponimochile,DSG,-1,-1;PC 'PC' true true false 3 Text 0 0 ,First,#,Database Connections\Cosmos 172.21.21.34.sde\sde.SDE.borrar\sde.SDE.toponimochile,PC,-1,-1;CC1 'CC1' true true false 4 Text 0 0 ,First,#,Database Connections\Cosmos 172.21.21.34.sde\sde.SDE.borrar\sde.SDE.toponimochile,CC1,-1,-1;ADM1 'ADM1' true true false 8 Double 0 10 ,First,#,Database Connections\Cosmos 172.21.21.34.sde\sde.SDE.borrar\sde.SDE.toponimochile,ADM1,-1,-1;NT 'NT' true true false 3 Text 0 0 ,First,#,Database Connections\Cosmos 172.21.21.34.sde\sde.SDE.borrar\sde.SDE.toponimochile,NT,-1,-1;GENERIC 'GENERIC' true true false 13 Text 0 0 ,First,#,Database Connections\Cosmos 172.21.21.34.sde\sde.SDE.borrar\sde.SDE.toponimochile,GENERIC,-1,-1;SORT_NAME 'SORT_NAME' true true false 57 Text 0 0 ,First,#,Database Connections\Cosmos 172.21.21.34.sde\sde.SDE.borrar\sde.SDE.toponimochile,SORT_NAME,-1,-1;FULL_NAME_ 'FULL_NAME_' true true false 46 Text 0 0 ,First,#,Database Connections\Cosmos 172.21.21.34.sde\sde.SDE.borrar\sde.SDE.toponimochile,FULL_NAME_,-1,-1;MODIFY_DAT 'MODIFY_DAT' true true false 36 Date 0 0 ,First,#,Database Connections\Cosmos 172.21.21.34.sde\sde.SDE.borrar\sde.SDE.toponimochile,MODIFY_DAT,-1,-1;DESCRIP 'DESCRIP' true true false 50 Text 0 0 ,First,#,Database Connections\Cosmos 172.21.21.34.sde\sde.SDE.borrar\sde.SDE.toponimochile,DESCRIP,-1,-1;COD_COMUNA 'COD_COMUNA' true true false 8 Double 8 19 ,First,#,Database Connections\Cosmos 172.21.21.34.sde\sde.SDE.borrar\sde.SDE.toponimochile,COD_COMUNA,-1,-1;COD_INE 'COD_INE' true true false 8 Double 8 19 ,First,#,Database Connections\Cosmos 172.21.21.34.sde\sde.SDE.borrar\sde.SDE.toponimochile,COD_INE,-1,-1;COD_REGI 'COD_REGI' true true false 8 Double 8 19 ,First,#,Database Connections\Cosmos 172.21.21.34.sde\sde.SDE.borrar\sde.SDE.toponimochile,COD_REGI,-1,-1;NOM_REGION 'NOM_REGION' true true false 50 Text 0 0 ,First,#,Database Connections\Cosmos 172.21.21.34.sde\sde.SDE.borrar\sde.SDE.toponimochile,NOM_REGION,-1,-1;COD_PROV 'COD_PROV' true true false 8 Double 8 19 ,First,#,Database Connections\Cosmos 172.21.21.34.sde\sde.SDE.borrar\sde.SDE.toponimochile,COD_PROV,-1,-1;NOM_PROVI 'NOM_PROVI' true true false 50 Text 0 0 ,First,#,Database Connections\Cosmos 172.21.21.34.sde\sde.SDE.borrar\sde.SDE.toponimochile,NOM_PROVI,-1,-1;CIR_SENA 'CIR_SENA' true true false 8 Double 8 19 ,First,#,Database Connections\Cosmos 172.21.21.34.sde\sde.SDE.borrar\sde.SDE.toponimochile,CIR_SENA,-1,-1;DIS_ELEC 'DIS_ELEC' true true false 8 Double 8 19 ,First,#,Database Connections\Cosmos 172.21.21.34.sde\sde.SDE.borrar\sde.SDE.toponimochile,DIS_ELEC,-1,-1;TIPO_TOPON 'TIPO_TOPON' true true false 36 Text 0 0 ,First,#,Database Connections\Cosmos 172.21.21.34.sde\sde.SDE.borrar\sde.SDE.toponimochile,TIPO_TOPON,-1,-1;COD_ID 'COD_ID' true true false 8 Double 8 19 ,First,#,Database Connections\Cosmos 172.21.21.34.sde\sde.SDE.borrar\sde.SDE.toponimochile,COD_ID,-1,-1;NIVELBCN 'NIVELBCN' true true false 2 Short 0 5 ,First,#,Database Connections\Cosmos 172.21.21.34.sde\sde.SDE.borrar\sde.SDE.toponimochile,NIVELBCN,-1,-1" # "Database Connections\cosmos explota.sde\GEOSDE.aplicac2009\GEOSDE.toponimchile"</Process><Process ToolSource="c:\program files (x86)\arcgis\desktop10.6\ArcToolbox\Toolboxes\Data Management Tools.tbx\CalculateField" Date="20190617" Time="121953">CalculateField Toponimos Nombre [full_name_] VB #</Process><Process ToolSource="c:\program files (x86)\arcgis\desktop10.6\ArcToolbox\Toolboxes\Data Management Tools.tbx\CalculateField" Date="20190617" Time="122043">CalculateField Toponimos Clase_Topo [tipo_topon] VB #</Process><Process ToolSource="c:\program files (x86)\arcgis\desktop10.6\ArcToolbox\Toolboxes\Data Management Tools.tbx\CalculateField" Date="20190617" Time="122203">CalculateField Toponimos Comuna [descrip] VB #</Process><Process ToolSource="c:\program files (x86)\arcgis\desktop10.6\ArcToolbox\Toolboxes\Data Management Tools.tbx\CalculateField" Date="20190617" Time="122241">CalculateField Toponimos Provincia [nom_provi] VB #</Process><Process ToolSource="c:\program files (x86)\arcgis\desktop10.6\ArcToolbox\Toolboxes\Data Management Tools.tbx\CalculateField" Date="20190617" Time="122312">CalculateField Toponimos Region [nom_region] VB #</Process></lineage><itemProps><itemLocation><linkage Sync="TRUE">file://\\BCN004672\Users\jutreras\Desktop\Owncloud_BCN\WEB Final\Toponimos</linkage><protocol Sync="TRUE">Local Area Network</protocol></itemLocation></itemProps><copyHistory><copy source="C:\Users\jutreras\Desktop\Capas\Toponimos" dest="\\BCN004672\Users\jutreras\Desktop\Owncloud_BCN\WEB Final\Toponimos" date="20191016" time="10562200"></copy></copyHistory></DataProperties><SyncDate>20100527</SyncDate><SyncTime>11473400</SyncTime><ModDate>20100527</ModDate><ModTime>11473400</ModTime><ArcGISFormat>1.0</ArcGISFormat></Esri><idinfo><citation><citeinfo><onlink Sync="TRUE">Server=172.22.110.36; Service=5151; Database=sde; User=geosde; Version=SDE.DEFAULT</onlink><origin>REQUIRED: The name of an organization or individual that developed the data set.</origin><pubdate>REQUIRED: The date when the data set is published or otherwise made available for release.</pubdate><title Sync="TRUE">GEOSDE.toponimchile</title><ftname Sync="TRUE">GEOSDE.toponimchile</ftname><geoform Sync="TRUE">vector digital data</geoform></citeinfo></citation><native Sync="TRUE">Microsoft Windows XP Version 5.1 (Build 2600) Service Pack 3; ESRI ArcCatalog 9.3.1.1850</native><descript><langdata Sync="TRUE">es</langdata><abstract>REQUIRED: A brief narrative summary of the data set.</abstract><purpose>REQUIRED: A summary of the intentions with which the data set was developed.</purpose></descript><timeperd><current>REQUIRED: The basis on which the time period of content information is determined.</current><timeinfo><sngdate><caldate>REQUIRED: The year (and optionally month, or month and day) for which the data set corresponds to the ground.</caldate></sngdate></timeinfo></timeperd><status><progress>REQUIRED: The state of the data set.</progress><update>REQUIRED: The frequency with which changes and additions are made to the data set after the initial data set is completed.</update></status><spdom><bounding><westbc Sync="TRUE">REQUIRED: Western-most coordinate of the limit of coverage expressed in longitude.</westbc><eastbc Sync="TRUE">REQUIRED: Eastern-most coordinate of the limit of coverage expressed in longitude.</eastbc><northbc Sync="TRUE">REQUIRED: Northern-most coordinate of the limit of coverage expressed in latitude.</northbc><southbc Sync="TRUE">REQUIRED: Southern-most coordinate of the limit of coverage expressed in latitude.</southbc></bounding></spdom><keywords><theme><themekt>REQUIRED: Reference to a formally registered thesaurus or a similar authoritative source of theme keywords.</themekt><themekey>REQUIRED: Common-use word or phrase used to describe the subject of the data set.</themekey></theme></keywords><accconst>REQUIRED: Restrictions and legal prerequisites for accessing the data set.</accconst><useconst>REQUIRED: Restrictions and legal prerequisites for using the data set after access is granted.</useconst><natvform Sync="TRUE">SDE Feature Class</natvform></idinfo><distInfo><distributor><distorTran><onLineSrc><linkage Sync="TRUE">Server=172.22.110.36; Service=5151; Database=sde; User=geosde; Version=SDE.DEFAULT</linkage><protocol Sync="TRUE">ArcSDE Connection</protocol><orDesc Sync="TRUE">002</orDesc></onLineSrc><transSize Sync="TRUE">0,000</transSize></distorTran><distorFormat><formatName Sync="TRUE">SDE Feature Class</formatName></distorFormat></distributor></distInfo><dataqual><lineage><procstep><procdesc Sync="TRUE">Dataset copied.</procdesc><srcused Sync="TRUE">Server=172.22.110.36; Service=5151/esri_sde; Database=sde; User=biblio; Version=sde.DEFAULT</srcused><date Sync="TRUE">20070314</date><time Sync="TRUE">11430300</time></procstep><procstep><procdesc Sync="TRUE">Dataset copied.</procdesc><srcused Sync="TRUE">Server=172.22.110.36; Service=5151/esri_sde; Database=sde; User=biblio; Version=sde.DEFAULT</srcused><date Sync="TRUE">20070410</date><time Sync="TRUE">10214200</time></procstep><procstep><procdesc Sync="TRUE">Dataset copied.</procdesc><srcused Sync="TRUE">Server=172.22.110.36; Service=5151; User=biblio; Version=sde.DEFAULT</srcused><date Sync="TRUE">20070608</date><time Sync="TRUE">11572900</time></procstep><procstep><procdesc Sync="TRUE">Dataset copied.</procdesc><srcused Sync="TRUE">Server=cosmos2; Service=5151; Database=sde; User=biblio; Version=sde.DEFAULT</srcused><date Sync="TRUE">20070620</date><time Sync="TRUE">15233000</time></procstep><procstep><procdesc Sync="TRUE">Dataset copied.</procdesc><srcused Sync="TRUE">Server=concepcion; Service=5151; Database=sde; User=biblio; Version=sde.DEFAULT</srcused><date Sync="TRUE">20080312</date><time Sync="TRUE">15504600</time></procstep><procstep><procdesc Sync="TRUE">Dataset copied.</procdesc><srcused Sync="TRUE">Server=concepcion; Service=5151; Database=sde; User=biblio; Version=sde.DEFAULT</srcused><procdate Sync="TRUE">20090309</procdate><proctime Sync="TRUE">16071100</proctime></procstep><procstep><procdesc Sync="TRUE">Dataset copied.</procdesc><srcused Sync="TRUE">Server=cosmos; Service=5151; Database=sde; User=sde; Version=sde.DEFAULT</srcused><procdate Sync="TRUE">20090403</procdate><proctime Sync="TRUE">12543400</proctime></procstep><procstep><procdesc Sync="TRUE">Dataset copied.</procdesc><srcused Sync="TRUE">Server=172.21.21.39; Service=5151:sde; User=geosde; Version=SDE.DEFAULT</srcused><procdate Sync="TRUE">20090602</procdate><proctime Sync="TRUE">16305700</proctime></procstep><procstep><procdesc Sync="TRUE">Dataset copied.</procdesc><srcused Sync="TRUE">\\BCN5419\F\database\oracle.gdb</srcused><procdate Sync="TRUE">20090615</procdate><proctime Sync="TRUE">17185000</proctime></procstep><procstep><procdesc Sync="TRUE">Dataset copied.</procdesc><srcused Sync="TRUE">Server=172.21.21.39; Service=5151:sde; User=geosde; Version=SDE.DEFAULT</srcused><procdate Sync="TRUE">20091009</procdate><proctime Sync="TRUE">11401900</proctime></procstep><procstep><procdesc Sync="TRUE">Dataset copied.</procdesc><srcused Sync="TRUE">Server=172.22.110.36; Service=5151; Database=sde; User=geosde; Version=SDE.DEFAULT</srcused><procdate Sync="TRUE">20091027</procdate><proctime Sync="TRUE">15462100</proctime></procstep><procstep><procdesc Sync="TRUE">Dataset copied.</procdesc><srcused Sync="TRUE">Server=172.22.110.36; Service=5151; Database=sde; User=geosde; Version=SDE.DEFAULT</srcused><procdate Sync="TRUE">20091104</procdate><proctime Sync="TRUE">15581800</proctime></procstep><procstep><procdesc Sync="TRUE">Dataset copied.</procdesc><srcused Sync="TRUE">Server=172.22.110.36; Service=5151; Database=sde; User=geosde; Version=SDE.DEFAULT</srcused><procdate Sync="TRUE">20100810</procdate><proctime Sync="TRUE">11361600</proctime></procstep><procstep><procdesc Sync="TRUE">Dataset copied.</procdesc><srcused Sync="TRUE">\\BCN5419\F\respaldobaseexplota\cosmos explotav2.gdb</srcused><procdate Sync="TRUE">20101215</procdate><proctime Sync="TRUE">17031700</proctime></procstep></lineage></dataqual><dataIdInfo><envirDesc Sync="TRUE">Microsoft Windows XP Version 5.1 (Build 2600) Service Pack 3; ESRI ArcCatalog 9.3.1.1850</envirDesc><dataLang><languageCode Sync="TRUE" value="es"></languageCode></dataLang><idCitation><resTitle Sync="TRUE">GEOSDE.toponimchile</resTitle><presForm><PresFormCd Sync="TRUE" value="005"></PresFormCd></presForm></idCitation><spatRpType><SpatRepTypCd Sync="TRUE" value="001"></SpatRepTypCd></spatRpType></dataIdInfo><metainfo><langmeta Sync="TRUE">es</langmeta><metstdn Sync="TRUE">FGDC Content Standards for Digital Geospatial Metadata</metstdn><metstdv Sync="TRUE">FGDC-STD-001-1998</metstdv><mettc Sync="TRUE">local time</mettc><metc><cntinfo><cntorgp><cntper>REQUIRED: The person responsible for the metadata information.</cntper><cntorg>REQUIRED: The organization responsible for the metadata information.</cntorg></cntorgp><cntaddr><addrtype>REQUIRED: The mailing and/or physical address for the organization or individual.</addrtype><city>REQUIRED: The city of the address.</city><state>REQUIRED: The state or province of the address.</state><postal>REQUIRED: The ZIP or other postal code of the address.</postal></cntaddr><cntvoice>REQUIRED: The telephone number by which individuals can speak to the organization or individual.</cntvoice></cntinfo></metc><metd Sync="TRUE">20100527</metd><metextns><onlink Sync="TRUE">http://www.esri.com/metadata/esriprof80.html</onlink><metprof Sync="TRUE">ESRI Metadata Profile</metprof></metextns></metainfo><mdLang><languageCode Sync="TRUE" value="es"></languageCode></mdLang><mdStanName Sync="TRUE">ISO 19115 Geographic Information - Metadata</mdStanName><mdStanVer Sync="TRUE">DIS_ESRI1.0</mdStanVer><mdChar><CharSetCd Sync="TRUE" value="004"></CharSetCd></mdChar><mdHrLv><ScopeCd Sync="TRUE" value="005"></ScopeCd></mdHrLv><mdHrLvName Sync="TRUE">dataset</mdHrLvName><distinfo><resdesc Sync="TRUE">Downloadable Data</resdesc><stdorder><digform><digtinfo><transize Sync="TRUE">0,000</transize><dssize Sync="TRUE">0,000</dssize></digtinfo></digform></stdorder></distinfo><spdoinfo><direct Sync="TRUE">Vector</direct><ptvctinf><esriterm Name="GEOSDE.toponimchile"><efeatyp Sync="TRUE">Simple</efeatyp><efeageom Sync="TRUE">Point</efeageom><esritopo Sync="TRUE">FALSE</esritopo><efeacnt Sync="TRUE">0</efeacnt><spindex Sync="TRUE">TRUE</spindex><linrefer Sync="TRUE">FALSE</linrefer></esriterm><sdtsterm Name="GEOSDE.toponimchile"><sdtstype Sync="TRUE">Entity point</sdtstype><ptvctcnt Sync="TRUE">0</ptvctcnt></sdtsterm></ptvctinf></spdoinfo><spref><horizsys><cordsysn><geogcsn Sync="TRUE">GCS_WGS_1984</geogcsn><projcsn Sync="TRUE">WGS_1984_UTM_Zone_19S</projcsn></cordsysn><planar><planci><plance Sync="TRUE">coordinate pair</plance><plandu Sync="TRUE">meters</plandu><coordrep><absres Sync="TRUE">0.000100</absres><ordres Sync="TRUE">0.000100</ordres></coordrep></planci><gridsys><gridsysn Sync="TRUE">Universal Transverse Mercator</gridsysn><utm><utmzone Sync="TRUE">-19</utmzone><transmer><sfctrmer Sync="TRUE">0.999600</sfctrmer><longcm Sync="TRUE">-69.000000</longcm><latprjo Sync="TRUE">0.000000</latprjo><feast Sync="TRUE">500000.000000</feast><fnorth Sync="TRUE">10000000.000000</fnorth></transmer></utm></gridsys></planar><geodetic><horizdn Sync="TRUE">D_WGS_1984</horizdn><ellips Sync="TRUE">WGS_1984</ellips><semiaxis Sync="TRUE">6378137.000000</semiaxis><denflat Sync="TRUE">298.257224</denflat></geodetic></horizsys><vertdef><altsys><altenc Sync="TRUE">Explicit elevation coordinate included with horizontal coordinates</altenc><altres Sync="TRUE">1.000000</altres></altsys></vertdef></spref><refSysInfo><RefSystem><refSysID><identCode Sync="TRUE">WGS_1984_UTM_Zone_19S</identCode></refSysID></RefSystem></refSysInfo><spatRepInfo><VectSpatRep><topLvl><TopoLevCd Sync="TRUE" value="001"></TopoLevCd></topLvl><geometObjs Name="GEOSDE.toponimchile"><geoObjTyp><GeoObjTypCd Sync="TRUE" value="004"></GeoObjTypCd></geoObjTyp><geoObjCnt Sync="TRUE">0</geoObjCnt></geometObjs></VectSpatRep></spatRepInfo><eainfo><detailed Name="GEOSDE.toponimchile"><enttyp><enttypl Sync="TRUE">GEOSDE.toponimchile</enttypl><enttypt Sync="TRUE">Feature Class</enttypt><enttypc Sync="TRUE">0</enttypc></enttyp><attr><attrlabl Sync="TRUE">OBJECTID</attrlabl><attalias Sync="TRUE">OBJECTID</attalias><attrtype Sync="TRUE">OID</attrtype><attwidth Sync="TRUE">4</attwidth><atprecis Sync="TRUE">10</atprecis><attscale Sync="TRUE">0</attscale><attrdef Sync="TRUE">Internal feature number.</attrdef><attrdefs Sync="TRUE">ESRI</attrdefs><attrdomv><udom Sync="TRUE">Sequential unique whole numbers that are automatically generated.</udom></attrdomv></attr><attr><attrlabl Sync="TRUE">Shape</attrlabl><attalias Sync="TRUE">Shape</attalias><attrtype Sync="TRUE">Geometry</attrtype><attwidth Sync="TRUE">4</attwidth><atprecis Sync="TRUE">0</atprecis><attscale Sync="TRUE">0</attscale><attrdef Sync="TRUE">Feature geometry.</attrdef><attrdefs Sync="TRUE">ESRI</attrdefs><attrdomv><udom Sync="TRUE">Coordinates defining the features.</udom></attrdomv></attr><attr><attrlabl Sync="TRUE">LONG3</attrlabl><attalias Sync="TRUE">LONG3</attalias><attrtype Sync="TRUE">Double</attrtype><attwidth Sync="TRUE">8</attwidth><atprecis Sync="TRUE">19</atprecis><attscale Sync="TRUE">8</attscale></attr><attr><attrlabl Sync="TRUE">FC</attrlabl><attalias Sync="TRUE">FC</attalias><attrtype Sync="TRUE">String</attrtype><attwidth Sync="TRUE">3</attwidth><atprecis Sync="TRUE">0</atprecis><attscale Sync="TRUE">0</attscale></attr><attr><attrlabl Sync="TRUE">DSG</attrlabl><attalias Sync="TRUE">DSG</attalias><attrtype Sync="TRUE">String</attrtype><attwidth Sync="TRUE">7</attwidth><atprecis Sync="TRUE">0</atprecis><attscale Sync="TRUE">0</attscale></attr><attr><attrlabl Sync="TRUE">PC</attrlabl><attalias Sync="TRUE">PC</attalias><attrtype Sync="TRUE">String</attrtype><attwidth Sync="TRUE">3</attwidth><atprecis Sync="TRUE">0</atprecis><attscale Sync="TRUE">0</attscale></attr><attr><attrlabl Sync="TRUE">CC1</attrlabl><attalias Sync="TRUE">CC1</attalias><attrtype Sync="TRUE">String</attrtype><attwidth Sync="TRUE">4</attwidth><atprecis Sync="TRUE">0</atprecis><attscale Sync="TRUE">0</attscale></attr><attr><attrlabl Sync="TRUE">ADM1</attrlabl><attalias Sync="TRUE">ADM1</attalias><attrtype Sync="TRUE">Double</attrtype><attwidth Sync="TRUE">8</attwidth><atprecis Sync="TRUE">10</atprecis><attscale Sync="TRUE">0</attscale></attr><attr><attrlabl Sync="TRUE">NT</attrlabl><attalias Sync="TRUE">NT</attalias><attrtype Sync="TRUE">String</attrtype><attwidth Sync="TRUE">3</attwidth><atprecis Sync="TRUE">0</atprecis><attscale Sync="TRUE">0</attscale></attr><attr><attrlabl Sync="TRUE">GENERIC</attrlabl><attalias Sync="TRUE">GENERIC</attalias><attrtype Sync="TRUE">String</attrtype><attwidth Sync="TRUE">13</attwidth><atprecis Sync="TRUE">0</atprecis><attscale Sync="TRUE">0</attscale></attr><attr><attrlabl Sync="TRUE">SORT_NAME</attrlabl><attalias Sync="TRUE">SORT_NAME</attalias><attrtype Sync="TRUE">String</attrtype><attwidth Sync="TRUE">57</attwidth><atprecis Sync="TRUE">0</atprecis><attscale Sync="TRUE">0</attscale></attr><attr><attrlabl Sync="TRUE">FULL_NAME_</attrlabl><attalias Sync="TRUE">FULL_NAME_</attalias><attrtype Sync="TRUE">String</attrtype><attwidth Sync="TRUE">46</attwidth><atprecis Sync="TRUE">0</atprecis><attscale Sync="TRUE">0</attscale></attr><attr><attrlabl Sync="TRUE">MODIFY_DAT</attrlabl><attalias Sync="TRUE">MODIFY_DAT</attalias><attrtype Sync="TRUE">Date</attrtype><attwidth Sync="TRUE">36</attwidth><atprecis Sync="TRUE">0</atprecis><attscale Sync="TRUE">0</attscale></attr><attr><attrlabl Sync="TRUE">DESCRIP</attrlabl><attalias Sync="TRUE">DESCRIP</attalias><attrtype Sync="TRUE">String</attrtype><attwidth Sync="TRUE">50</attwidth><atprecis Sync="TRUE">0</atprecis><attscale Sync="TRUE">0</attscale></attr><attr><attrlabl Sync="TRUE">COD_COMUNA</attrlabl><attalias Sync="TRUE">COD_COMUNA</attalias><attrtype Sync="TRUE">Double</attrtype><attwidth Sync="TRUE">8</attwidth><atprecis Sync="TRUE">19</atprecis><attscale Sync="TRUE">8</attscale></attr><attr><attrlabl Sync="TRUE">COD_INE</attrlabl><attalias Sync="TRUE">COD_INE</attalias><attrtype Sync="TRUE">Double</attrtype><attwidth Sync="TRUE">8</attwidth><atprecis Sync="TRUE">19</atprecis><attscale Sync="TRUE">8</attscale></attr><attr><attrlabl Sync="TRUE">COD_REGI</attrlabl><attalias Sync="TRUE">COD_REGI</attalias><attrtype Sync="TRUE">Double</attrtype><attwidth Sync="TRUE">8</attwidth><atprecis Sync="TRUE">19</atprecis><attscale Sync="TRUE">8</attscale></attr><attr><attrlabl Sync="TRUE">NOM_REGION</attrlabl><attalias Sync="TRUE">NOM_REGION</attalias><attrtype Sync="TRUE">String</attrtype><attwidth Sync="TRUE">50</attwidth><atprecis Sync="TRUE">0</atprecis><attscale Sync="TRUE">0</attscale></attr><attr><attrlabl Sync="TRUE">COD_PROV</attrlabl><attalias Sync="TRUE">COD_PROV</attalias><attrtype Sync="TRUE">Double</attrtype><attwidth Sync="TRUE">8</attwidth><atprecis Sync="TRUE">19</atprecis><attscale Sync="TRUE">8</attscale></attr><attr><attrlabl Sync="TRUE">NOM_PROVI</attrlabl><attalias Sync="TRUE">NOM_PROVI</attalias><attrtype Sync="TRUE">String</attrtype><attwidth Sync="TRUE">50</attwidth><atprecis Sync="TRUE">0</atprecis><attscale Sync="TRUE">0</attscale></attr><attr><attrlabl Sync="TRUE">CIR_SENA</attrlabl><attalias Sync="TRUE">CIR_SENA</attalias><attrtype Sync="TRUE">Double</attrtype><attwidth Sync="TRUE">8</attwidth><atprecis Sync="TRUE">19</atprecis><attscale Sync="TRUE">8</attscale></attr><attr><attrlabl Sync="TRUE">DIS_ELEC</attrlabl><attalias Sync="TRUE">DIS_ELEC</attalias><attrtype Sync="TRUE">Double</attrtype><attwidth Sync="TRUE">8</attwidth><atprecis Sync="TRUE">19</atprecis><attscale Sync="TRUE">8</attscale></attr><attr><attrlabl Sync="TRUE">TIPO_TOPON</attrlabl><attalias Sync="TRUE">TIPO_TOPON</attalias><attrtype Sync="TRUE">String</attrtype><attwidth Sync="TRUE">36</attwidth><atprecis Sync="TRUE">0</atprecis><attscale Sync="TRUE">0</attscale></attr><attr><attrlabl Sync="TRUE">NIVELBCN</attrlabl><attalias Sync="TRUE">NIVELBCN</attalias><attrtype Sync="TRUE">SmallInteger</attrtype><attwidth Sync="TRUE">2</attwidth><atprecis Sync="TRUE">5</atprecis><attscale Sync="TRUE">0</attscale></attr><attr><attrlabl Sync="TRUE">COD_ID</attrlabl><attalias Sync="TRUE">COD_ID</attalias><attrtype Sync="TRUE">Double</attrtype><attwidth Sync="TRUE">8</attwidth><atprecis Sync="TRUE">19</atprecis><attscale Sync="TRUE">8</attscale></attr></detailed></eainfo><mdDateSt Sync="TRUE">20100527</mdDateSt></metadata>
